name,url,image,latitude,longitude,accessibility
Jezírko,https://www.kafelanka.cz/mista/kasna.php,https://www.kafelanka.cz/v/kasna-1.jpg,49.2030169444,16.5829016667,přístupné
Sluneční hodiny,https://www.kafelanka.cz/mista/hodiny.php,https://www.kafelanka.cz/v/hodiny-2.jpg,49.2042025,16.5840172222,přístupné
Jídelna,https://www.kafelanka.cz/mista/barabizna.php,https://www.kafelanka.cz/v/barabizna-2.jpg,49.2065361111,16.5893158333,přístupné
Komínek,https://www.kafelanka.cz/mista/komin.php,https://www.kafelanka.cz/v/komin-2.jpg,49.2019452778,16.5934380556,přístupné
Vodojem,https://www.kafelanka.cz/mista/sklep.php,https://www.kafelanka.cz/v/sklep-1.jpg,49.2045952778,16.5832538889,přístupné
Pod Topoly,https://www.kafelanka.cz/mista/topoly.php,https://www.kafelanka.cz/v/topoly-1.jpg,49.2040194444,16.5885005556,neexistuje
Podzemí,https://www.kafelanka.cz/mista/vchod.php,https://www.kafelanka.cz/v/vchod-1.jpg,49.2019886111,16.5925883333,přístupné
Sklepení,https://www.kafelanka.cz/mista/sklepeni.php,https://www.kafelanka.cz/v/sklepeni-1.jpg,49.2026869444,16.5859661111,neexistuje
Jeskyňka,https://www.kafelanka.cz/mista/jeskyn.php,https://www.kafelanka.cz/v/jeskyn-1.jpg,49.2035697222,16.5693327778,přístupné
Komínek,https://www.kafelanka.cz/mista/komin2.php,https://www.kafelanka.cz/v/komin2-1.jpg,49.1846472222,16.598375,přístupné
Chladicí věž,https://www.kafelanka.cz/mista/vez.php,https://www.kafelanka.cz/v/vez-1.jpg,49.2198883333,16.6070066667,přístupné
Kašna,https://www.kafelanka.cz/mista/kasna4.php,https://www.kafelanka.cz/v/kasna4-1.jpg,49.19848,16.5977869444,přístupné
Sloup,https://www.kafelanka.cz/mista/sloup.php,https://www.kafelanka.cz/v/sloup-1.jpg,49.2132483333,16.6080683333,přístupné
Retenční nádrž,https://www.kafelanka.cz/mista/stoky.php,https://www.kafelanka.cz/v/stoky-10.jpg,49.2169972222,16.6044444444,přístupné
Zimní stadion,https://www.kafelanka.cz/mista/zimak.php,https://www.kafelanka.cz/v/zimak-13.jpg,49.2107694444,16.6090361111,přístupné
Tramvajová štola,https://www.kafelanka.cz/mista/trstola.php,https://www.kafelanka.cz/v/trstola-1.jpg,49.19251,16.596745,přístupné
Pomník,https://www.kafelanka.cz/mista/pomnik.php,https://www.kafelanka.cz/v/pomnik-1.jpg,49.1942305556,16.6594416667,přístupné
Pozorovatelna,https://www.kafelanka.cz/mista/bunkr3.php,https://www.kafelanka.cz/v/bunkr3-1.jpg,49.19407,16.658785,přístupné
Šatny,https://www.kafelanka.cz/mista/satny.php,https://www.kafelanka.cz/v/satny-1.jpg,49.1973972222,16.6567388889,neexistuje
Ráj bufeťáků,https://www.kafelanka.cz/mista/raj.php,https://www.kafelanka.cz/v/raj-1.jpg,49.2016694444,16.5922222222,přístupné
Kryt,https://www.kafelanka.cz/mista/kryty.php,https://www.kafelanka.cz/v/kryty-1.jpg,49.2048377778,16.58689,přístupné
Kryt,https://www.kafelanka.cz/mista/kryty.php,https://www.kafelanka.cz/v/kryty-7.jpg,49.2045727778,16.5861969444,přístupné
Kryt,https://www.kafelanka.cz/mista/kryty.php,https://www.kafelanka.cz/v/kryty-10.jpg,49.2043677778,16.5858419444,přístupné
Bunkr,https://www.kafelanka.cz/mista/bunkr.php,https://www.kafelanka.cz/v/bunkr-1.jpg,49.2037419444,16.5853627778,přístupné
Měření kvality ovzduší,https://www.kafelanka.cz/mista/stanice.php,https://www.kafelanka.cz/v/stanice-1.jpg,49.1847861111,16.5983138889,přístupné
Fragment chodby,https://www.kafelanka.cz/mista/klenba.php,https://www.kafelanka.cz/v/klenba-1.jpg,49.1863111111,16.5949833333,přístupné
Kašna,https://www.kafelanka.cz/mista/kasna2.php,https://www.kafelanka.cz/v/kasna2-2.jpg,49.2063697222,16.6074077778,přístupné
Pumpa,https://www.kafelanka.cz/mista/pumpa.php,https://www.kafelanka.cz/v/pumpa-1.jpg,49.2070277778,16.6081619444,neexistuje
Pumpa,https://www.kafelanka.cz/mista/pumpa.php,https://www.kafelanka.cz/v/pumpa-3.jpg,49.2068819444,16.6092527778,přístupné
Odlehčovací komora,https://www.kafelanka.cz/mista/stoky.php,https://www.kafelanka.cz/v/stoky-4.jpg,49.2191638889,16.6049888889,přístupné
Trafostanice,https://www.kafelanka.cz/mista/trafo.php,https://www.kafelanka.cz/v/trafo-1.jpg,49.2198555556,16.6072888889,přístupné
Propustek,https://www.kafelanka.cz/mista/propustek2.php,https://www.kafelanka.cz/v/propustek2-1.jpg,49.2227055556,16.6194361111,přístupné
Sklípek,https://www.kafelanka.cz/mista/sklipek2.php,https://www.kafelanka.cz/v/sklipek2-1.jpg,49.2267119444,16.6124297222,přístupné
Retenční nádrž,https://www.kafelanka.cz/mista/prepad.php,https://www.kafelanka.cz/v/prepad-1.jpg,49.2278177778,16.61371,přístupné
Kašna,https://www.kafelanka.cz/mista/kasna3.php,https://www.kafelanka.cz/v/kasna3-1.jpg,49.2176619444,16.6174669444,přístupné
Zídka,https://www.kafelanka.cz/mista/zidka.php,https://www.kafelanka.cz/v/zidka-1.jpg,49.2044944444,16.5795722222,přístupné
Odpad,https://www.kafelanka.cz/mista/odpad3.php,https://www.kafelanka.cz/v/odpad3-1.jpg,49.2020727778,16.5748627778,přístupné
Lavička,https://www.kafelanka.cz/mista/lavicka.php,https://www.kafelanka.cz/v/lavicka-1.jpg,49.2036077778,16.5726677778,přístupné
Roura,https://www.kafelanka.cz/mista/roury.php,https://www.kafelanka.cz/v/roury-2.jpg,49.2008927778,16.5694147222,přístupné
Roura,https://www.kafelanka.cz/mista/roury.php,https://www.kafelanka.cz/v/roury-5.jpg,49.1992519444,16.5689119444,přístupné
Kaplička,https://www.kafelanka.cz/mista/kaplicka.php,https://www.kafelanka.cz/v/kaplicka-2.jpg,49.1985997222,16.56812,přístupné
Kmenová stoka,https://www.kafelanka.cz/mista/kmenovastoka.php,https://www.kafelanka.cz/v/kmenovastoka-1.jpg,49.1987577778,16.567985,přístupné
Sklad,https://www.kafelanka.cz/mista/sklad2.php,https://www.kafelanka.cz/v/sklad2-1.jpg,49.1996677778,16.5679619444,neexistuje
Roura,https://www.kafelanka.cz/mista/roury.php,https://www.kafelanka.cz/v/roury-6.jpg,49.20293,16.5696497222,přístupné
Teplovod,https://www.kafelanka.cz/mista/parovod.php,https://www.kafelanka.cz/v/parovod-1.jpg,49.2034377778,16.5934219444,přístupné
Kryt,https://www.kafelanka.cz/mista/kryt7.php,https://www.kafelanka.cz/v/kryt7-1.jpg,49.1889638889,16.5974338889,přístupné
Udírna,https://www.kafelanka.cz/mista/udirna.php,https://www.kafelanka.cz/v/udirna-1.jpg,49.1959419444,16.5981547222,přístupné
Kryt,https://www.kafelanka.cz/mista/kryt6.php,https://www.kafelanka.cz/v/kryt6-2.jpg,49.1963527778,16.6002777778,přístupné
Jeskyňka,https://www.kafelanka.cz/mista/jeskyn2.php,https://www.kafelanka.cz/v/jeskyn2-1.jpg,49.1952647222,16.5952277778,přístupné
Sklepení,https://www.kafelanka.cz/mista/sklep3.php,https://www.kafelanka.cz/v/sklep3-2.jpg,49.1942727778,16.5981097222,přístupné
Prachárna,https://www.kafelanka.cz/mista/spl.php,https://www.kafelanka.cz/v/spl-1.jpg,49.1944361111,16.6019972222,přístupné
Zahrady,https://www.kafelanka.cz/mista/bouda.php,https://www.kafelanka.cz/v/bouda-1.jpg,49.1962694444,16.596775,přístupné
Provaznický vršek,https://www.kafelanka.cz/mista/prvrsek.php,https://www.kafelanka.cz/v/prvrsek-1.jpg,49.1913497222,16.6008997222,přístupné
Fons salitus,https://www.kafelanka.cz/mista/fonssalutis.php,https://www.kafelanka.cz/v/fonssalutis-2.jpg,49.1915266667,16.6047216667,přístupné
Vodojem,https://www.kafelanka.cz/mista/vodojem2.php,https://www.kafelanka.cz/v/vodojem2-1.jpg,49.190865,16.6060433333,přístupné
U Fajfky,https://www.kafelanka.cz/mista/fajfka.php,https://www.kafelanka.cz/v/fajfka-1.jpg,49.19145,16.607195,přístupné
Běhounská,https://www.kafelanka.cz/mista/behounska.php,https://www.kafelanka.cz/v/behoun-4.jpg,49.1978847222,16.609545,přístupné
Kašna,https://www.kafelanka.cz/mista/kasna5.php,https://www.kafelanka.cz/v/kasna5-1.jpg,49.1990630556,16.6061347222,přístupné
Parovod,https://www.kafelanka.cz/mista/trubky.php,https://www.kafelanka.cz/v/trubky-1.jpg,49.2246266667,16.6346066667,přístupné
Propustek,https://www.kafelanka.cz/mista/tunel.php,https://www.kafelanka.cz/v/tunel-4.jpg,49.2240116667,16.635365,přístupné
Propustek,https://www.kafelanka.cz/mista/tunel.php,https://www.kafelanka.cz/v/tunel-1.jpg,49.2233997222,16.6353183333,přístupné
Propustek,https://www.kafelanka.cz/mista/tunel.php,https://www.kafelanka.cz/v/tunel-5.jpg,49.2254277778,16.6357666667,přístupné
Propustek,https://www.kafelanka.cz/mista/tunel.php,https://www.kafelanka.cz/v/tunel-7.jpg,49.2264,16.6365333333,přístupné
Propustek,https://www.kafelanka.cz/mista/tunel.php,https://www.kafelanka.cz/v/tunel-10.jpg,49.2277277778,16.6383277778,přístupné
Úkryt,https://www.kafelanka.cz/mista/ukryt.php,https://www.kafelanka.cz/v/ukryt-1.jpg,49.2219666667,16.6497980556,přístupné
Podchod,https://www.kafelanka.cz/mista/podchod2.php,https://www.kafelanka.cz/v/podchod2-1.jpg,49.2217944444,16.6516388889,přístupné
Úkryty,https://www.kafelanka.cz/mista/ukryt.php,https://www.kafelanka.cz/v/ukryt-1.jpg,49.2221316667,16.6544647222,přístupné
Kryt,https://www.kafelanka.cz/mista/kryt4.php,https://www.kafelanka.cz/v/kryt4-1.jpg,49.2211466667,16.6540730556,přístupné
Studánka,https://www.kafelanka.cz/mista/studanka.php,https://www.kafelanka.cz/v/studanka-1.jpg,49.2209830556,16.6546116667,přístupné
Podchod,https://www.kafelanka.cz/mista/podchod2.php,https://www.kafelanka.cz/v/podchod2-7.jpg,49.2147194444,16.6461833333,přístupné
Jeskyňka II,https://www.kafelanka.cz/mista/jeskyn3.php,https://www.kafelanka.cz/v/jeskyn3-1.jpg,49.1994666667,16.5680888889,přístupné
Nádrž,https://www.kafelanka.cz/mista/nadrz.php,https://www.kafelanka.cz/v/nadrz-1.jpg,49.2103055556,16.5961944444,přístupné
Kontejner,https://www.kafelanka.cz/mista/kontejner.php,https://www.kafelanka.cz/v/kontejner-2.jpg,49.1916566667,16.6550716667,přístupné
Vodovod,https://www.kafelanka.cz/mista/vodovod.php,https://www.kafelanka.cz/v/vodovod-1.jpg,49.1877030556,16.65895,přístupné
Jeskyňka,https://www.kafelanka.cz/mista/jeskynka.php,https://www.kafelanka.cz/v/jeskynka-1.jpg,49.1900616667,16.6721166667,přístupné
Jeskyňka,https://www.kafelanka.cz/mista/jeskynka.php,https://www.kafelanka.cz/v/jeskynka-1.jpg,49.1900680556,16.6724330556,přístupné
Sklad,https://www.kafelanka.cz/mista/sklad.php,https://www.kafelanka.cz/v/sklad-1.jpg,49.189745,16.672875,přístupné
Bod,https://www.kafelanka.cz/mista/bod.php,https://www.kafelanka.cz/v/bod-2.jpg,49.1905472222,16.6756916667,přístupné
Pozorovatelna,https://www.kafelanka.cz/mista/pozorovatelna.php,https://www.kafelanka.cz/v/pozorovatelna-1.jpg,49.19185,16.6743130556,přístupné
Štola III,https://www.kafelanka.cz/mista/stola3.php,https://www.kafelanka.cz/v/stola3-1.jpg,49.191405,16.6740930556,přístupné
Štola II,https://www.kafelanka.cz/mista/stola2.php,https://www.kafelanka.cz/v/stola2-1.jpg,49.1909805556,16.6740472222,přístupné
Štola II,https://www.kafelanka.cz/mista/stola2.php,https://www.kafelanka.cz/v/stola2-6.jpg,49.1908747222,16.6736680556,přístupné
Štola I,https://www.kafelanka.cz/mista/stola1.php,https://www.kafelanka.cz/v/stola1-1.jpg,49.1906230556,16.6732497222,přístupné
Kryt CO,https://www.kafelanka.cz/mista/krytco.php,https://www.kafelanka.cz/v/krytco-1.jpg,49.1905430556,16.6731480556,přístupné
Kryt,https://www.kafelanka.cz/mista/kryt.php,https://www.kafelanka.cz/v/kryt-4.jpg,49.1906666667,16.6729830556,přístupné
Pozorovatelna,https://www.kafelanka.cz/mista/bunkr2.php,https://www.kafelanka.cz/v/bunkr2-1.jpg,49.2148038889,16.6347238889,přístupné
Zahrady,https://www.kafelanka.cz/mista/dum2.php,https://www.kafelanka.cz/v/dum2-10.jpg,49.2145694444,16.6295861111,přístupné
Propustek,https://www.kafelanka.cz/mista/propustek.php,https://www.kafelanka.cz/v/propustek-1.jpg,49.2141333333,16.628925,přístupné
Kryt I,https://www.kafelanka.cz/mista/kryt3.php,https://www.kafelanka.cz/v/kryt3-1.jpg,49.1868116667,16.6120080556,přístupné
Kříž,https://www.kafelanka.cz/mista/kriz.php,https://www.kafelanka.cz/v/kriz-4.jpg,49.1841944444,16.6088944444,přístupné
Odlehčovací komora,https://www.kafelanka.cz/mista/odlehcovacka2.php,https://www.kafelanka.cz/v/odlehcovacka2-1.jpg,49.1832897222,16.6078947222,přístupné
Kryt II,https://www.kafelanka.cz/mista/kryt5.php,https://www.kafelanka.cz/v/kryt5-1.jpg,49.1832566667,16.6106330556,přístupné
Kříž,https://www.kafelanka.cz/mista/kriz.php,https://www.kafelanka.cz/v/kriz-1.jpg,49.1833813889,16.6108880556,neexistuje
Studna,https://www.kafelanka.cz/mista/studna.php,https://www.kafelanka.cz/v/studna-1.jpg,49.1797730556,16.6128930556,přístupné
Podchod,https://www.kafelanka.cz/mista/podchod3.php,https://www.kafelanka.cz/v/podchod3-1.jpg,49.1830361111,16.60425,přístupné
Nouzák,https://www.kafelanka.cz/mista/nouzak2.php,https://www.kafelanka.cz/v/nouzak2-5.jpg,49.1786305556,16.5977555556,přístupné
Nouzák,https://www.kafelanka.cz/mista/nouzak2.php,https://www.kafelanka.cz/v/nouzak2-1.jpg,49.1795611111,16.5973027778,přístupné
Pozorovatelna,https://www.kafelanka.cz/mista/pozorovatelna3.php,https://www.kafelanka.cz/v/pozorovatelna3-1.jpg,49.1834247222,16.5916847222,přístupné
Dům,https://www.kafelanka.cz/mista/dum3.php,https://www.kafelanka.cz/v/dum3-1.jpg,49.1936361111,16.5659333333,neexistuje
Potok,https://www.kafelanka.cz/mista/potok2.php,https://www.kafelanka.cz/v/potok2-1.jpg,49.1927947222,16.5653197222,přístupné
Restaurace,https://www.kafelanka.cz/mista/strel.php,https://www.kafelanka.cz/v/strel-1.jpg,49.1921102778,16.5647038889,přístupné
Potok,https://www.kafelanka.cz/mista/potok2.php,https://www.kafelanka.cz/v/potok2-6.jpg,49.1929972222,16.5635555556,přístupné
Plynoměr,https://www.kafelanka.cz/mista/plynomer.php,https://www.kafelanka.cz/v/plynomer-1.jpg,49.1969866667,16.5660380556,přístupné
Kryt,https://www.kafelanka.cz/mista/kryt2.php,https://www.kafelanka.cz/v/kryt2-2.jpg,49.197,16.5647466667,přístupné
Vodojem,https://www.kafelanka.cz/mista/vodojem3.php,https://www.kafelanka.cz/v/vodojem3-1.jpg,49.19731,16.5644016667,přístupné
Čerpadlo,https://www.kafelanka.cz/mista/cerpadlo.php,https://www.kafelanka.cz/v/cerpadlo-1.jpg,49.2222516667,16.666145,přístupné
Vodojem,https://www.kafelanka.cz/mista/vodojem4.php,https://www.kafelanka.cz/v/vodojem4-1.jpg,49.2221555556,16.6659027778,přístupné
Štoly,https://www.kafelanka.cz/mista/stoly.php,https://www.kafelanka.cz/v/stoly-1.jpg,49.2183380556,16.6668030556,přístupné
Kryt CO,https://www.kafelanka.cz/mista/krytco2.php,https://www.kafelanka.cz/v/krytco2-2.jpg,49.249175,16.5945747222,přístupné
Odlehčovací komora,https://www.kafelanka.cz/mista/odlehcovacka.php,https://www.kafelanka.cz/v/odlehcovacka-1.jpg,49.2354694444,16.5916777778,přístupné
Jeskyňka,https://www.kafelanka.cz/mista/jeskyn4.php,https://www.kafelanka.cz/v/jeskyn4-1.jpg,49.2187077778,16.6674177778,přístupné
Schody,https://www.kafelanka.cz/mista/schody.php,https://www.kafelanka.cz/v/schody-1.jpg,49.1953997222,16.5932427778,přístupné
Uzávěr,https://www.kafelanka.cz/mista/uzaver.php,https://www.kafelanka.cz/v/uzaver-1.jpg,49.1933019444,16.5931919444,přístupné
Latrína,https://www.kafelanka.cz/mista/latrina.php,https://www.kafelanka.cz/v/latrina-1.jpg,49.2251377778,16.6130097222,neexistuje
Potrubí,https://www.kafelanka.cz/mista/parovod2.php,https://www.kafelanka.cz/v/parovod2-1.jpg,49.1943119444,16.5928777778,přístupné
Potrubí,https://www.kafelanka.cz/mista/parovod2.php,https://www.kafelanka.cz/v/parovod2-5.jpg,49.1944027778,16.5923697222,přístupné
Pozorovatelna,https://www.kafelanka.cz/mista/pozorovatelna2.php,https://www.kafelanka.cz/v/pozorovatelna2-1.jpg,49.207225,16.6481766667,přístupné
Pozorovatelna,https://www.kafelanka.cz/mista/pozorovatelna2.php,https://www.kafelanka.cz/v/pozorovatelna2-4.jpg,49.207135,16.6487147222,přístupné
Pozorovatelna,https://www.kafelanka.cz/mista/pozorovatelna2.php,https://www.kafelanka.cz/v/pozorovatelna2-5.jpg,49.2073766667,16.6489497222,přístupné
Šachta,https://www.kafelanka.cz/mista/sachta.php,https://www.kafelanka.cz/v/sachta-1.jpg,49.2060480556,16.6549797222,neexistuje
Vodojem,https://www.kafelanka.cz/mista/pozorovatelna4.php,https://www.kafelanka.cz/v/pozorovatelna4-1.jpg,49.2006097222,16.6502280556,přístupné
Jeskyňka,https://www.kafelanka.cz/mista/jeskyn5.php,https://www.kafelanka.cz/v/jeskyn5-1.jpg,49.1949227778,16.5925027778,přístupné
Nouzák,https://www.kafelanka.cz/mista/nouzak.php,https://www.kafelanka.cz/v/nouzak-1.jpg,49.2088333333,16.5992666667,přístupné
Stavidlo,https://www.kafelanka.cz/mista/retencka.php,https://www.kafelanka.cz/v/retencka-1.jpg,49.2453527778,16.5908472222,přístupné
Hráz,https://www.kafelanka.cz/mista/retencka.php,https://www.kafelanka.cz/v/retencka-12.jpg,49.2411166667,16.5932,přístupné
Rozhledna,https://www.kafelanka.cz/mista/rozhledna.php,https://www.kafelanka.cz/v/rozhledna-1.jpg,49.1828166667,16.5560697222,přístupné
Bazén,https://www.kafelanka.cz/mista/bazen.php,https://www.kafelanka.cz/v/bazen-1.jpg,49.1828016667,16.5576716667,přístupné
Sklípek,https://www.kafelanka.cz/mista/sklipek.php,https://www.kafelanka.cz/v/sklipek-1.jpg,49.1890030556,16.5525916667,přístupné
Garáž,https://www.kafelanka.cz/mista/garaz.php,https://www.kafelanka.cz/v/garaz-1.jpg,49.1892430556,16.5527230556,přístupné
Odpad,https://www.kafelanka.cz/mista/odpad.php,https://www.kafelanka.cz/v/odpad-1.jpg,49.1885416667,16.5584766667,přístupné
Odpad,https://www.kafelanka.cz/mista/odpad.php,https://www.kafelanka.cz/v/odpad-8.jpg,49.18793,16.5596730556,přístupné
Propustek,https://www.kafelanka.cz/mista/propustky.php,https://www.kafelanka.cz/v/propustky-4.jpg,49.2093488889,16.6512519444,přístupné
Skleník,https://www.kafelanka.cz/mista/sklenik.php,https://www.kafelanka.cz/v/sklenik-1.jpg,49.2071527778,16.65512,přístupné
Sud,https://www.kafelanka.cz/mista/sud.php,https://www.kafelanka.cz/v/sud-2.jpg,49.2408305556,16.5936416667,přístupné
Propustek,https://www.kafelanka.cz/mista/propustky.php,https://www.kafelanka.cz/v/propustky-3.jpg,49.2095019444,16.6535847222,přístupné
Propustek,https://www.kafelanka.cz/mista/propustky.php,https://www.kafelanka.cz/v/propustky-1.jpg,49.2100527778,16.6546611111,přístupné
Vodojemy,https://www.kafelanka.cz/mista/vodojem5.php,https://www.kafelanka.cz/v/vodojem5-1.jpg,49.1834247222,16.5577197222,přístupné
Šachta,https://www.kafelanka.cz/mista/sachta2.php,https://www.kafelanka.cz/v/sachta2-1.jpg,49.1899588889,16.58903,přístupné
Studánka,https://www.kafelanka.cz/mista/studanka2.php,https://www.kafelanka.cz/v/studanka2-1.jpg,49.2335597222,16.6152166667,přístupné
Sklípek II,https://www.kafelanka.cz/mista/sklep2.php,https://www.kafelanka.cz/v/sklep2-1.jpg,49.2344469444,16.60726,přístupné
Potrubí,https://www.kafelanka.cz/mista/potrubi.php,https://www.kafelanka.cz/v/potrubi-1.jpg,49.2100194444,16.6374638889,přístupné
Zbrojovka,https://www.kafelanka.cz/mista/zbroj.php,https://www.kafelanka.cz/v/zbroj-1.jpg,49.2054305556,16.6327388889,přístupné
Sklad,https://www.kafelanka.cz/mista/sklad3.php,https://www.kafelanka.cz/v/sklad3-1.jpg,49.1962327778,16.5253219444,přístupné
Dům,https://www.kafelanka.cz/mista/dum.php,https://www.kafelanka.cz/v/dum-1.jpg,49.1965769444,16.524495,přístupné
Podchod,https://www.kafelanka.cz/mista/podchod.php,https://www.kafelanka.cz/v/podchod-1.jpg,49.1948327778,16.5233127778,přístupné
Hodiny,https://www.kafelanka.cz/mista/hodiny2.php,https://www.kafelanka.cz/v/hodiny2-1.jpg,49.1950777778,16.5399019444,přístupné
Vyhlídka,https://www.kafelanka.cz/mista/vyhlidka.php,https://www.kafelanka.cz/v/vyhlidka-3.jpg,49.1855627778,16.56715,přístupné
Parovod,https://www.kafelanka.cz/mista/parovod3.php,https://www.kafelanka.cz/v/parovod3-2.jpg,49.2073083333,16.6315916667,přístupné
Parovod,https://www.kafelanka.cz/mista/parovod3.php,https://www.kafelanka.cz/v/parovod3-2.jpg,49.20555,16.6302472222,přístupné
Věž,https://www.kafelanka.cz/mista/vez2.php,https://www.kafelanka.cz/v/vez2-1.jpg,49.2053319444,16.6306027778,přístupné
Snaha,https://www.kafelanka.cz/mista/snaha.php,https://www.kafelanka.cz/v/snaha-1.jpg,49.2056611111,16.6051888889,přístupné
Sklep,https://www.kafelanka.cz/mista/sklep4.php,https://www.kafelanka.cz/v/sklep4-3.jpg,49.1844194444,16.57165,přístupné
Retenční nádrž,https://www.kafelanka.cz/mista/retencka2.php,https://www.kafelanka.cz/v/retencka2-2.jpg,49.2252083333,16.5611861111,přístupné
Denis,https://www.kafelanka.cz/mista/denis.php,https://www.kafelanka.cz/v/denis-2.jpg,49.190075,16.6081666667,přístupné
Jeskyňka,https://www.kafelanka.cz/mista/jeskyn6.php,https://www.kafelanka.cz/v/jeskyn6-1.jpg,49.2367361111,16.6330722222,přístupné
Komín,https://www.kafelanka.cz/mista/komin3.php,https://www.kafelanka.cz/v/komin3-1.jpg,49.2320277778,16.639105,přístupné
Sklípek,https://www.kafelanka.cz/mista/sklep5.php,https://www.kafelanka.cz/v/sklep5-4.jpg,49.2251388889,16.6628158333,přístupné
Sklípek,https://www.kafelanka.cz/mista/sklep5.php,https://www.kafelanka.cz/v/sklep5-6.jpg,49.2321638889,16.6705805556,přístupné
Sklípek,https://www.kafelanka.cz/mista/sklep5.php,https://www.kafelanka.cz/v/sklep5-1.jpg,49.2253111111,16.6631611111,přístupné
Restaurace,https://www.kafelanka.cz/mista/restaurace.php,https://www.kafelanka.cz/v/restaurace-1.jpg,49.2246527778,16.6647583333,přístupné
Stěna,https://www.kafelanka.cz/mista/stena.php,https://www.kafelanka.cz/v/stena-1.jpg,49.2307305556,16.6418444444,přístupné
Skrýš,https://www.kafelanka.cz/mista/pisek.php,https://www.kafelanka.cz/v/pisek-3.jpg,49.230675,16.6427527778,přístupné
Kolektor,https://www.kafelanka.cz/mista/kolektor.php,https://www.kafelanka.cz/v/kolektor-1.jpg,49.1830666667,16.604625,přístupné
Propustek,https://www.kafelanka.cz/mista/stoky2.php,https://www.kafelanka.cz/v/stoky2-2.jpg,49.220375,16.6061138889,přístupné
Studánka,https://www.kafelanka.cz/mista/studanka3.php,https://www.kafelanka.cz/v/studanka3-1.jpg,49.1968611111,16.5509916667,přístupné
Amfiteátr,https://www.kafelanka.cz/mista/amfiteatr.php,https://www.kafelanka.cz/v/amfiteatr-2.jpg,49.2300138889,16.6277555556,přístupné
Pumpa,https://www.kafelanka.cz/mista/pumpa2.php,https://www.kafelanka.cz/v/pumpa2-3.jpg,49.2277833333,16.6257694444,přístupné
Úkryt CO,https://www.kafelanka.cz/mista/krytco3.php,https://www.kafelanka.cz/v/krytco3-2.jpg,49.1834138889,16.6157777778,přístupné
Pila,https://www.kafelanka.cz/mista/pila.php,https://www.kafelanka.cz/v/pila-1.jpg,49.1791305556,16.6144166667,přístupné
Dílny,https://www.kafelanka.cz/mista/dilny.php,https://www.kafelanka.cz/v/dilny-6.jpg,49.2264944444,16.6110277778,přístupné
Sklad CO,https://www.kafelanka.cz/mista/krytco4.php,https://www.kafelanka.cz/v/krytco4-1.jpg,49.1816666667,16.6172888889,přístupné
Zahrady,https://www.kafelanka.cz/mista/zahrady.php,https://www.kafelanka.cz/v/zahrady-5.jpg,49.2196805556,16.6084944444,přístupné
Studánka,https://www.kafelanka.cz/mista/studanka4.php,https://www.kafelanka.cz/v/studanka4-2.jpg,49.2089169444,16.6546447222,přístupné
Sjezdovka,https://www.kafelanka.cz/mista/sjezdovka.php,https://www.kafelanka.cz/v/sjezdovka-3.jpg,49.204325,16.5732305556,přístupné
Sklepy,https://www.kafelanka.cz/mista/hlinky.php,https://www.kafelanka.cz/v/hlinky-1.jpg,49.1902222222,16.5896916667,přístupné
Zahrady,https://www.kafelanka.cz/mista/domek.php,https://www.kafelanka.cz/v/domek-1.jpg,49.1810388889,16.5478083333,přístupné
Studánka,https://www.kafelanka.cz/mista/studanka5.php,https://www.kafelanka.cz/v/studanka5-3.jpg,49.2248977778,16.6649927778,přístupné
Pumpa,https://www.kafelanka.cz/mista/pumpa.php,https://www.kafelanka.cz/v/pumpa-4.jpg,49.2075805556,16.6082611111,přístupné
Sklípek,https://www.kafelanka.cz/mista/sklep6.php,https://www.kafelanka.cz/v/sklep6-2.jpg,49.2026194444,16.5718222222,přístupné
Čekárna,https://www.kafelanka.cz/mista/zastavka.php,https://www.kafelanka.cz/v/zastavka-1.jpg,49.2009611111,16.5757833333,přístupné
Zahrady,https://www.kafelanka.cz/mista/zahrady2.php,https://www.kafelanka.cz/v/zahrady2-11.jpg,49.2042722222,16.6514527778,přístupné
Studánka,https://www.kafelanka.cz/mista/studanka6.php,https://www.kafelanka.cz/v/studanka6-2.jpg,49.1836647222,16.5676677778,přístupné
Odpad,https://www.kafelanka.cz/mista/odpad2.php,https://www.kafelanka.cz/v/odpad2-1.jpg,49.1892447222,16.5626647222,přístupné
Ubytovna,https://www.kafelanka.cz/mista/barak.php,https://www.kafelanka.cz/v/barak-1.jpg,49.1807944444,16.5695055556,neexistuje
Zahrady,https://www.kafelanka.cz/mista/zahrady3.php,https://www.kafelanka.cz/v/zahrady3-9.jpg,49.1913916667,16.6632472222,přístupné
Zeď,https://www.kafelanka.cz/mista/zed.php,https://www.kafelanka.cz/v/zed-2.jpg,49.1886138889,16.5657583333,přístupné
Boží muka,https://www.kafelanka.cz/mista/bozimuka.php,https://www.kafelanka.cz/v/bozimuka-2.jpg,49.1820472222,16.6105694444,přístupné
Potok,https://www.kafelanka.cz/mista/potok3.php,https://www.kafelanka.cz/v/potok3-1.jpg,49.2081055556,16.6090916667,přístupné
Potok,https://www.kafelanka.cz/mista/potok3.php,https://www.kafelanka.cz/v/potok3-16.jpg,49.206025,16.6107,přístupné
Jezírko,https://www.kafelanka.cz/mista/nadrz2.php,https://www.kafelanka.cz/v/nadrz2-5.jpg,49.194675,16.5977833333,přístupné
Hláska TRHS,https://www.kafelanka.cz/mista/trhs.php,https://www.kafelanka.cz/v/trhs-1.jpg,49.2450972222,16.5419583333,přístupné
Proluka,https://www.kafelanka.cz/mista/proluka.php,https://www.kafelanka.cz/v/proluka-5.jpg,49.1932883333,16.5957816667,přístupné
Vodojem,https://www.kafelanka.cz/mista/vodojem3.php,https://www.kafelanka.cz/v/vodojem3-5.jpg,49.1968547222,16.5633669444,přístupné
Parovod,https://www.kafelanka.cz/mista/parovod4.php,https://www.kafelanka.cz/v/parovod4-3.jpg,49.1905222222,16.5952194444,přístupné
Bouda,https://www.kafelanka.cz/mista/bouda2.php,https://www.kafelanka.cz/v/bouda2-1.jpg,49.1874277778,16.6129861111,přístupné
Rybníček,https://www.kafelanka.cz/mista/rybnicek.php,https://www.kafelanka.cz/v/rybnicek-4.jpg,49.2134277778,16.6049361111,přístupné
Most,https://www.kafelanka.cz/mista/most.php,https://www.kafelanka.cz/v/most-3.jpg,49.2055972222,16.6282861111,přístupné
Dům,https://www.kafelanka.cz/mista/barak2.php,https://www.kafelanka.cz/v/barak2-1.jpg,49.2253472222,16.6637277778,neexistuje
Štola,https://www.kafelanka.cz/mista/chlorstola.php,https://www.kafelanka.cz/v/chlorstola-3.jpg,49.1964388889,16.5681,přístupné
Kolektor,https://www.kafelanka.cz/mista/kolektory.php,https://www.kafelanka.cz/v/kolektory-1.jpg,49.1894305556,16.6066472222,přístupné
Kolektor,https://www.kafelanka.cz/mista/kolektory.php,https://www.kafelanka.cz/v/kolektory-3.jpg,49.1897416667,16.6029444444,přístupné
Kolektor,https://www.kafelanka.cz/mista/kolektory.php,https://www.kafelanka.cz/v/kolektory-4.jpg,49.1878972222,16.6020611111,přístupné
Kolektor,https://www.kafelanka.cz/mista/kolektory.php,https://www.kafelanka.cz/v/kolektory-6.jpg,49.1868305556,16.6016861111,přístupné
Pramen,https://www.kafelanka.cz/mista/potok.php,https://www.kafelanka.cz/v/potok-2.jpg,49.2034444444,16.5761388889,přístupné
Vlečka,https://www.kafelanka.cz/mista/vlecka.php,https://www.kafelanka.cz/v/vlecka-2.jpg,49.2151472222,16.5980027778,přístupné
Sklady,https://www.kafelanka.cz/mista/sklad4.php,https://www.kafelanka.cz/v/sklad4-3.jpg,49.1923944444,16.5973166667,přístupné
Elektrárna,https://www.kafelanka.cz/mista/elektrarna.php,https://www.kafelanka.cz/v/elektrarna-1.jpg,49.2167944444,16.64145,přístupné
Vodojem,https://www.kafelanka.cz/mista/vodojem.php,https://www.kafelanka.cz/v/vodojem-1.jpg,49.1912777778,16.6774916667,přístupné
Kryt CO,https://www.kafelanka.cz/mista/krytco5.php,https://www.kafelanka.cz/v/krytco5-1.jpg,49.1941972222,16.6043555556,přístupné
Sauna,https://www.kafelanka.cz/mista/lazne.php,https://www.kafelanka.cz/v/lazne-2.jpg,49.1891472222,16.5673555556,přístupné
Pomník,https://www.kafelanka.cz/mista/pomnik2.php,https://www.kafelanka.cz/v/pomnik2-2.jpg,49.1908869444,16.63652,přístupné
Stoka,https://www.kafelanka.cz/mista/kanaly2.php,https://www.kafelanka.cz/v/kanaly2-1.jpg,49.2338916667,16.5188833333,přístupné
Stoka,https://www.kafelanka.cz/mista/kanaly2.php,https://www.kafelanka.cz/v/kanaly2-3.jpg,49.2333055556,16.5209722222,přístupné
Schody,https://www.kafelanka.cz/mista/schody2.php,https://www.kafelanka.cz/v/schody2-1.jpg,49.2320388889,16.5193444444,přístupné
Potok,https://www.kafelanka.cz/mista/potok4.php,https://www.kafelanka.cz/v/potok4-1.jpg,49.2310222222,16.5256861111,přístupné
Pozorovatelna,https://www.kafelanka.cz/mista/pozorovatelna5.php,https://www.kafelanka.cz/v/pozorovatelna5-1.jpg,49.2332416667,16.5202888889,přístupné
Studna,https://www.kafelanka.cz/mista/studna2.php,https://www.kafelanka.cz/v/studna2-1.jpg,49.2315916667,16.5246611111,přístupné
Dok,https://www.kafelanka.cz/mista/dok.php,https://www.kafelanka.cz/v/dok-3.jpg,49.2337111111,16.5186833333,přístupné
Pilíře,https://www.kafelanka.cz/mista/pilire.php,https://www.kafelanka.cz/v/pilire-1.jpg,49.2331472222,16.5216027778,přístupné
Pilíře,https://www.kafelanka.cz/mista/pilire.php,https://www.kafelanka.cz/v/pilire-3.jpg,49.2316666667,16.5211388889,přístupné
Dok II,https://www.kafelanka.cz/mista/dok2.php,https://www.kafelanka.cz/v/dok2-4.jpg,49.2360166667,16.5177805556,přístupné
Trafostanice,https://www.kafelanka.cz/mista/trafo2.php,https://www.kafelanka.cz/v/trafo2-1.jpg,49.1948,16.5560166667,přístupné
Hotel,https://www.kafelanka.cz/mista/hotel.php,https://www.kafelanka.cz/v/hotel-1.jpg,49.2369833333,16.5181527778,přístupné
Sání,https://www.kafelanka.cz/mista/kanal2.php,https://www.kafelanka.cz/v/kanal2-2.jpg,49.2272222222,16.6440666667,přístupné
Čerpadlo,https://www.kafelanka.cz/mista/cerpadlo2.php,https://www.kafelanka.cz/v/cerpadlo2-1.jpg,49.1824555556,16.6099,přístupné
Čekárna,https://www.kafelanka.cz/mista/cekarna.php,https://www.kafelanka.cz/v/cekarna-2.jpg,49.1983277778,16.5974333333,přístupné
Vodojem,https://www.kafelanka.cz/mista/vodojem6.php,https://www.kafelanka.cz/v/vodojem6-3.jpg,49.2290869444,16.6651877778,přístupné
Schody,https://www.kafelanka.cz/mista/schody3.php,https://www.kafelanka.cz/v/schody3-3.jpg,49.2043527778,16.5845916667,přístupné
Čekárna,https://www.kafelanka.cz/mista/zastavka2.php,https://www.kafelanka.cz/v/zastavka2-3.jpg,49.2240916667,16.6074138889,přístupné
Podchod,https://www.kafelanka.cz/mista/podchod4.php,https://www.kafelanka.cz/v/podchod4-1.jpg,49.1914319444,16.5632158333,přístupné
Podchod,https://www.kafelanka.cz/mista/podchod4.php,https://www.kafelanka.cz/v/podchod4-3.jpg,49.1890738889,16.5623738889,přístupné
Podchod,https://www.kafelanka.cz/mista/podchod4.php,https://www.kafelanka.cz/v/podchod4-6.jpg,49.1876358333,16.56283,přístupné
Podchod,https://www.kafelanka.cz/mista/podchod4.php,https://www.kafelanka.cz/v/podchod4-5.jpg,49.1884458333,16.5624547222,přístupné
Nouzák,https://www.kafelanka.cz/mista/nouzak3.php,https://www.kafelanka.cz/v/nouzak3-2.jpg,49.22225,16.5695611111,neexistuje
Pozorovatelna,https://www.kafelanka.cz/mista/pozorovatelna6.php,https://www.kafelanka.cz/v/pozorovatelna6-1.jpg,49.2242861111,16.5686,přístupné
Vrty,https://www.kafelanka.cz/mista/vrty.php,https://www.kafelanka.cz/v/vrty-2.jpg,49.2336611111,16.5723861111,přístupné
Potok,https://www.kafelanka.cz/mista/potok5.php,https://www.kafelanka.cz/v/potok5-1.jpg,49.2292388889,16.56185,přístupné
Udírna,https://www.kafelanka.cz/mista/udirna2.php,https://www.kafelanka.cz/v/udirna2-2.jpg,49.2222527778,16.5689327778,přístupné
Nádrž,https://www.kafelanka.cz/mista/nadrz3.php,https://www.kafelanka.cz/v/nadrz3-2.jpg,49.2215558333,16.4948438889,přístupné
Vodojem,https://www.kafelanka.cz/mista/vodojem7.php,https://www.kafelanka.cz/v/vodojem7-3.jpg,49.1922333333,16.5264444444,přístupné
Zahrady,https://www.kafelanka.cz/mista/zahrady4.php,https://www.kafelanka.cz/v/zahrady4-2.jpg,49.2311527778,16.5767861111,přístupné
Zavlažování,https://www.kafelanka.cz/mista/nadrz4.php,https://www.kafelanka.cz/v/nadrz4-4.jpg,49.1673694444,16.69385,přístupné
Stoka,https://www.kafelanka.cz/mista/stoka2.php,https://www.kafelanka.cz/v/stoka2-1.jpg,49.1913833333,16.5458805556,přístupné
Garáže,https://www.kafelanka.cz/mista/garaze.php,https://www.kafelanka.cz/v/garaze-1.jpg,49.2110805556,16.6110805556,přístupné
Mlýn,https://www.kafelanka.cz/mista/mlyn.php,https://www.kafelanka.cz/v/mlyn-1.jpg,49.1768555556,16.6235305556,přístupné
Vrt,https://www.kafelanka.cz/mista/florian.php,https://www.kafelanka.cz/v/florian-1.jpg,49.1771388889,16.6343138889,přístupné
Studna,https://www.kafelanka.cz/mista/studna3.php,https://www.kafelanka.cz/v/studna3-3.jpg,49.1752305556,16.6155472222,přístupné
Pozorovatelna,https://www.kafelanka.cz/mista/bunkr4.php,https://www.kafelanka.cz/v/bunkr4-1.jpg,49.1829888889,16.6209972222,přístupné
Propustek,https://www.kafelanka.cz/mista/propustek3.php,https://www.kafelanka.cz/v/propustek3-4.jpg,49.1860583333,16.6627833333,přístupné
Zahrady,https://www.kafelanka.cz/mista/zahrady5.php,https://www.kafelanka.cz/v/zahrady5-4.jpg,49.1814,16.62953,přístupné
Zahradnictví,https://www.kafelanka.cz/mista/skleniky.php,https://www.kafelanka.cz/v/skleniky-1.jpg,49.17066,16.62319,přístupné
Uhelná sýpka,https://www.kafelanka.cz/mista/sypka.php,https://www.kafelanka.cz/v/sypka-3.jpg,49.18538,16.60703,přístupné
Věž,https://www.kafelanka.cz/mista/vez3.php,https://www.kafelanka.cz/v/vez3-1.jpg,49.2430492,16.6077239,přístupné
Studna,https://www.kafelanka.cz/mista/studna4.php,https://www.kafelanka.cz/v/studna4-2.jpg,49.189057,16.55209,přístupné